Quantidade Produzida (unidades),Custo de Produção (R$)
4317,4404.1
9685,7417.31
4724,4409.23
1916,2959.03
7318,5313.29
4926,5470.91
2171,2874.87
7715,5174.42
9368,7431.55
9439,7691.09
3737,3742.74
4809,4631.07
7805,4709.69
2180,2209.03
2957,4392.75
4502,3242.02
1059,2717.52
7924,6313.05
5376,4259.8
2494,3592.17
5364,4700.32
7114,4253.17
9160,6433.25
6049,5585.11
6308,5357.46
8722,6151.75
857,2226.9
4126,3068.96
9280,6511.37
7502,6063.38
8303,5946.56
5843,4644.47
2044,3018.16
1898,3057.57
9379,6982.06
8613,5918.05
4956,4544.79
330,1407.15
6963,6095.56
5939,5594.0
4216,4316.74
3536,3510.57
2519,3213.11
5386,5102.69
7378,6310.77
6110,5627.11
4271,3521.65
7098,5477.73
8037,5957.5
7612,5206.79
7791,5913.61
2195,3373.52
4194,4472.91
5984,4828.3
1728,2126.41
8864,6195.31
1199,2725.3
5732,4968.78
2909,3049.8
1586,2836.65
5657,5597.15
5674,4558.83
597,1849.4
4415,3730.43
407,2539.25
2041,2611.9
2252,3322.92
5333,4685.43
4199,4457.27
3456,3915.02
1670,1741.39
207,2406.52
2300,3904.13
1460,3446.39
3041,3948.89
2574,3058.84
8616,6290.52
7553,5624.61
370,2848.87
5984,4886.15
5155,5456.96
2172,2946.66
2982,3884.31
5012,4229.88
8749,6621.98
6830,5419.55
8647,6437.75
3571,3510.67
4166,3680.27
662,2327.43
2240,2897.03
6870,5129.23
2273,3209.32
427,2326.64
5134,5460.51
2157,2566.26
1080,2655.56
2241,3266.46
5152,5075.84
5810,4444.45
6431,4953.32
6357,6524.48
5049,5004.98
317,1461.27
7778,5371.36
7108,6024.48
9030,6457.85
9697,5805.98
6321,4313.18
1718,2656.0
9419,6168.85
9336,6377.96
5535,4391.86
8263,6422.81
3244,3312.62
1451,2606.26
756,3053.29
9212,6625.16
5372,5986.25
8493,5872.97
4747,3801.11
4852,4176.71
7671,5348.47
8573,6665.72
9875,6675.19
7853,6388.95
2241,2929.75
8362,5815.02
7651,6266.54
4064,3570.94
370,2113.59
5567,4694.13
535,3143.51
5033,4999.41
3751,3803.87
7510,5719.33
2240,2920.85
5235,3723.59
9735,6970.6
8888,6193.09
327,2436.48
8025,4916.86
9388,6258.97
8012,5698.0
7533,4622.96
3953,4496.77
6899,6518.3
7145,6098.03
9034,7061.32
8009,6426.25
3076,4140.48
5002,3760.71
6151,4899.57
7073,5928.63
2246,3123.13
3365,3599.2
4766,4449.58
1675,3290.74
7570,5657.17
7847,5112.83
9471,6968.26
1579,3625.63
8542,5539.05
842,2274.43
2554,3085.3
6205,4364.17
312,2733.8
5770,5454.37
8894,6581.55
2580,3474.01
4828,4572.14
3089,3533.48
6550,5760.55
8303,5254.32
9861,7183.53
2339,3411.02
2897,3522.43
3874,3573.8
4936,4177.05
2630,3993.47
7122,5854.54
2464,2685.74
9274,7363.1
3909,3926.29
2959,3087.73
7359,5487.55
665,2669.93
6646,5830.73
4524,3903.77
6570,4762.49
3088,3688.28
5268,5240.29
6780,5787.9
6404,5206.75
5479,4900.05
4818,4846.76
1840,3287.41
4407,3195.51
4555,4538.44
1243,2079.62
9952,7524.62
2260,3105.9
8172,4110.98
8264,5883.34
6433,5617.63
9328,7382.93
7853,6644.56
7765,6050.15
1667,3191.69
4705,4040.81
2126,2953.04
2446,3189.73
6048,4686.21
9581,6848.08
3763,3687.89
3241,4343.2
9844,6609.9
8026,6055.16
6563,5075.68
9244,6684.47
7197,4990.25
2830,3765.73
8552,6136.45
6030,5539.13
3488,3803.06
7119,5340.21
7141,5502.87
7868,5821.44
8070,5644.28
3955,4262.22
4018,4786.26
4742,4064.52
895,1961.14
4915,4971.61
8320,6709.66
900,1663.31
626,2763.3
787,1388.62
2542,3197.83
5332,4037.63
8520,7173.32
4574,3831.95
1927,3199.63
4027,3536.3
4570,3270.22
9100,7141.26
825,1729.53
7749,5904.74
3826,3714.15
9354,6624.86
708,1566.95
4083,4274.22
5197,4123.56
2033,2805.82
8959,6235.75
260,1782.04
9726,7095.08
5636,4055.17
8712,5958.87
7543,5409.85
1343,2229.87
6249,5331.6
1286,2834.47
1963,2050.8
9107,6790.22
9078,6577.59
7603,5854.1
9565,7377.6
5264,5183.15
9461,7106.44
3202,4186.67
4473,3374.82
9119,7370.99
5718,4437.45
8791,6513.23
4413,4115.81
3363,2766.28
7042,6157.38
8975,6000.03
7064,5412.63
9989,6927.6
7340,5597.09
5380,3862.63
2520,3658.96
369,1939.63
6736,5453.78
5915,4933.81
8768,5639.44
7792,5845.73
3430,3559.03
5966,4813.19
3176,3758.95
2334,2999.05
3920,3786.74
5718,4762.18
6866,5374.23
9055,6213.42
7607,5269.73
1714,2877.33
5554,4842.09
1136,2684.29
8226,4895.17
7830,5774.53
4962,4434.26
6511,5104.6
707,3360.77
7260,5245.44
4966,4914.12
7230,5296.3
7475,5588.15
9857,7106.11
2449,3245.71
7236,5192.96
6166,5111.4
8375,6538.03
6325,4466.46
2192,3423.82
8976,7147.82
2138,3214.9
8076,6529.75
8353,5731.36
1180,2298.68
5659,3821.71
3705,4430.15
122,2636.83
1644,3061.53
9418,6211.93
7249,4800.33
1564,2394.96
1146,2471.86
9981,6864.22
7923,5843.44
344,1894.48
2035,2817.78
8115,5817.56
9175,6946.41
767,2376.31
1901,2380.99
8275,6198.4
3579,3467.96
5172,3618.25
5699,5432.23
4364,4668.38
6687,4804.96
4440,4137.46
3527,4421.72
7818,6851.99
5524,4595.91
3186,3573.53
6608,6185.52
9577,7250.55
9832,7182.48
3047,3436.13
4364,4025.64
8657,6479.31
5593,4396.15
6619,6482.57
9133,6026.84
2543,2290.27
1346,2496.32
5378,4146.73
7774,5753.94
8617,6770.7
560,1896.78
4779,4315.03
882,2913.48
4075,4333.72
237,3373.28
6544,4555.78
3023,3461.96
6536,5919.02
5483,4849.79
3276,3973.04
3768,4289.25
5827,4252.15
1145,2379.42
7902,6584.09
6851,5108.13
6860,5523.88
7155,5329.41
8309,5801.66
8119,6182.84
246,1865.43
2544,3401.77
3379,3341.74
1274,3408.64
800,2174.21
8531,6215.91
6400,4884.35
2850,3968.76
1907,2764.31
1328,2239.82
8094,6245.64
3447,3155.74
3804,4453.83
7002,5976.7
7915,5535.47
5443,4720.71
2625,3345.55
8117,6514.99
910,1564.75
2161,2742.44
5904,4995.45
3295,3630.05
903,1979.43
4805,4967.48
7028,5123.39
8542,6813.81
9302,6186.04
4911,5772.31
5081,3882.9
4306,3747.01
6508,5420.45
1314,3658.04
2280,3638.98
9277,6621.57
2633,2938.45
6668,5661.92
9974,8442.63
8099,5960.7
3766,2889.19
8880,6892.67
9092,5059.04
6238,6863.33
2775,4050.27
6621,6756.11
4721,4723.08
9981,7552.93
1776,1919.21
2421,3296.28
7287,5714.84
1827,2730.48
6727,5182.54
7579,6453.63
1716,3219.21
1604,2911.16
5786,4416.88
7265,6282.41
3841,3611.3
7272,4903.22
5645,4532.99
4174,3787.88
8462,7416.99
7442,5402.02
7277,5997.03
948,2844.06
7243,5933.28
2835,4203.42
7583,5136.63
3987,4548.92
6940,5693.14
5885,5224.13
1669,3520.67
7284,6448.26
2928,3252.14
4028,3884.06
6216,4832.86
2705,3435.64
4679,4696.96
803,3125.36
9750,6678.29
504,1570.15
2277,2885.89
1130,3593.47
7709,6068.76
8959,7097.73
5518,4399.0
5072,4507.65
1431,2224.05
6505,6016.82
3993,4778.6
6238,4419.0
9659,6867.63
1576,2704.43
5006,4671.92
6605,5620.0
2061,3250.72
3573,3853.17
6076,5460.08
478,2381.58
9934,6638.04
3321,4267.58
4551,4117.86
9536,6675.41
6572,5209.7
4093,4872.24
5045,4116.13
3256,3874.71
4596,4470.61
6824,5058.34
1730,2742.98
1015,2603.56
1496,2458.13
6120,5849.84
3695,4513.9
2572,3378.33
3296,3145.8
6352,5572.9
2519,2587.91
8942,5964.86
944,2419.38
3017,3016.0
8563,5539.72
8477,6305.69
1854,2009.14
8810,6901.51
7040,4617.2
5657,4066.19
9077,6378.81
7773,5596.12
6799,4881.29
6861,5148.93
4151,3949.08
1029,2244.7
1418,2854.65
5495,4720.78
2653,3218.67
5748,5032.86
5425,4774.26
9807,7199.49
6474,5467.94
131,1722.0
1587,3183.03
9110,5704.05
9194,6291.62
8154,6034.88
8133,6539.24
8581,5226.7
3595,3257.56
5132,4480.92
7320,5386.78
1416,2808.03
4967,4358.45
909,2042.28
4739,5002.88
7365,5744.77
2673,3815.7
4244,3927.09
7892,6249.81
3094,3849.78
2930,3114.79
6288,4955.97
5821,5112.14
8314,5856.62
4852,3717.4
9466,7061.82
4561,4185.98
3915,3315.34
1276,2088.16
4413,4482.25
1316,2910.64
8866,6530.16
9470,7082.44
9806,7670.12
7839,5634.94
8804,7328.15
8803,6360.93
5878,4679.59
6737,5526.6
4051,4461.59
8186,5963.42
4610,3410.58
1053,3371.6
562,2570.84
2533,4190.89
270,2722.56
4578,3739.54
7045,5259.36
6667,4704.64
7340,5280.52
4764,5388.35
6374,4606.06
2009,2950.29
274,2036.6
2459,2979.06
4613,3789.8
7031,5151.52
9133,5784.14
9663,6894.88
7790,6344.6
8311,6901.88
6368,5540.82
6501,5047.42
5257,5120.27
9715,7072.23
9308,6575.02
6177,5495.54
8876,6551.44
3207,4324.32
7220,5685.68
1425,2576.66
572,2890.17
4305,5288.9
1330,2638.17
6776,5543.33
3584,3667.22
1014,2939.86
8356,6397.85
2628,3822.74
8312,5930.73
4752,4588.42
8010,4862.0
3130,3078.06
4073,3072.85
9640,7183.92
5039,4590.68
7121,5363.19
7668,5660.1
2500,3048.68
1334,2843.04
3748,3819.33
5783,5532.01
722,1992.08
6577,5680.0
7387,5638.92
128,2143.52
2053,3418.98
4534,4004.31
2083,2234.02
7582,5478.85
3444,3914.81
7618,5947.48
8185,6100.98
2476,3096.9
7390,5353.74
670,2605.57
8478,6629.14
3710,4242.27
5837,4618.83
5570,4539.02
7380,4831.47
4626,3954.28
481,3002.01
2184,3779.6
5438,4825.15
9249,6319.42
8340,5824.21
1525,3581.88
3414,3612.34
2474,2528.35
1448,2572.42
3350,3485.08
5008,4670.29
2565,3245.12
5178,4028.67
5871,5220.27
3543,3598.85
451,2020.26
5778,5004.35
9297,6104.78
4156,3913.79
3339,4511.42
2221,3184.68
1571,2666.73
7829,5809.39
3122,3220.28
9839,6546.3
5975,5284.53
6629,5134.35
4143,4249.76
6230,5082.14
6324,4275.94
218,2312.28
9195,6443.76
1622,3508.8
9355,7108.31
6761,6028.94
3817,4167.68
1744,2206.38
4926,4456.57
1468,2818.9
9228,6406.79
2755,2958.12
3756,3652.81
3027,4063.28
4115,5308.21
4330,4189.26
3717,3890.11
1644,2381.04
3826,4325.15
2542,2962.34
8778,6415.9
7092,5815.96
9295,6630.58
8754,6577.7
5888,4720.5
728,2056.55
2600,3680.26
4118,4651.27
5222,4441.8
5809,5039.17
3463,4799.11
538,2033.54
2598,3671.51
1148,2781.98
5805,4972.0
6449,5056.67
2017,2573.87
6320,4894.35
671,2557.88
7817,5310.55
2659,3528.24
4055,4378.13
2326,2424.73
9515,7038.64
1121,2642.34
577,1790.38
5547,4427.72
296,1499.78
8476,5077.76
6897,4641.62
5973,4990.29
1093,2252.09
2482,3327.52
3744,3462.19
2088,2756.3
704,2939.9
3463,4561.29
9561,7042.16
3986,4406.49
7858,6270.7
7822,6286.88
9428,6572.42
7444,5966.22
4119,3185.69
6271,4629.45
1768,2295.02
5703,4942.28
953,2769.68
217,2481.66
345,3112.24
9236,7058.93
8054,5659.08
1214,2280.73
3867,3806.02
1177,1752.31
2602,3339.64
6237,5431.2
1444,3105.97
7485,5463.56
4704,4945.24
8900,5543.59
1249,2799.29
430,2735.97
6760,5640.42
4908,4660.89
6271,5375.69
1072,2821.25
5304,5429.75
6198,4991.0
4884,4596.4
6169,5293.82
8696,5784.46
7376,6202.93
6153,5134.89
3370,3898.08
4028,3394.23
8974,6431.58
2666,3706.17
7502,6374.88
3594,3534.27
5391,5307.44
3759,3728.75
5244,5668.69
9092,6423.72
2897,3583.91
3212,3710.09
3479,4574.95
7246,5562.2
400,3023.27
7932,6101.48
4062,3858.07
2396,2873.28
4135,4836.63
2114,2360.35
5636,4944.83
3023,3301.43
5786,4342.32
5074,4576.03
258,1795.66
9998,7442.99
8612,6095.34
881,1807.14
9633,6366.44
8774,6896.17
7506,6101.18
6420,5415.33
8862,6755.59
8660,5635.58
4336,3786.88
2202,3396.73
213,1690.27
4462,4036.36
9447,6316.01
6194,4646.16
3299,3880.45
1772,3161.29
6642,5018.72
2906,3084.04
1352,3053.24
7876,7062.78
8637,5973.28
1088,2160.74
5969,4837.68
1858,2677.51
4284,4736.71
5578,4425.59
8957,6743.69
205,2383.34
7863,5926.73
3946,3801.95
2147,2889.23
1618,3458.26
3448,3094.82
8599,5848.3
2334,3836.0
5372,4492.45
6366,5351.41
7762,5426.85
4436,4937.38
4599,4591.31
6959,4806.02
4139,4299.98
1815,2805.75
9687,6411.83
1964,1850.34
2857,3963.57
7202,5292.39
583,2254.4
6066,5032.95
2054,2869.31
9738,7504.56
8305,5959.91
5713,5033.84
7616,5681.64
6650,5551.09
6498,5223.38
8113,6285.8
3472,3996.9
1435,3135.82
5663,4976.99
7148,5615.38
7514,5924.49
1325,1678.28
5176,4093.7
4350,4307.0
1222,2553.2
2484,3414.92
6061,4741.56
1671,3506.52
1388,3713.44
1391,2994.8
4323,4101.31
1505,3571.77
1691,2978.48
3619,4079.22
1863,2551.83
4655,4348.41
5776,4616.48
1640,2600.33
9792,8266.6
3151,4047.45
5857,4153.99
6297,4996.18
5799,5161.01
5524,4898.84
4996,3390.56
1886,3725.72
7090,5217.9
2783,3769.97
2840,4017.91
5528,5196.05
1456,2768.84
6906,6894.4
1485,2438.29
6914,5856.34
3003,2711.61
1078,2727.68
6480,4641.14
8311,6461.1
7672,5835.19
5097,4883.44
7739,5752.61
278,2007.99
7627,5810.34
1290,2634.31
8211,6134.36
5258,4516.29
7620,5807.6
6159,4880.83
8260,6016.15
3126,4067.43
6888,5898.07
5693,5456.91
9459,5762.06
2448,4054.29
3626,3765.96
3388,4226.97
7588,5805.59
7741,5942.81
9848,6568.31
8172,5479.11
5899,5243.87
3501,3634.85
6177,4110.47
1436,1966.75
3365,3217.68
2748,3009.17
3331,4189.03
9390,6741.47
5094,4558.95
2007,2917.53
9165,6247.54
2542,3861.7
6673,6340.69
4564,4680.74
9211,6024.32
9812,6569.86
6752,5860.36
7857,4842.9
2985,3360.46
2885,4232.98
5599,4099.16
3706,4226.15
2752,3663.27
1193,2454.1
3002,3186.12
9616,5881.49
9280,6931.78
7057,6451.58
5776,5324.13
4838,4008.78
6552,5130.84
2000,2974.43
156,1655.91
8332,5678.83
3072,3474.0
2082,2551.26
712,2135.49
6475,4928.02
8715,6477.94
1785,3968.75
1488,3354.86
8647,7146.38
220,2141.38
200,2777.89
3160,3812.7
8850,6122.27
2916,3429.78
9486,7057.65
2835,3080.63
7323,5897.72
8728,6339.93
1826,3111.66
3193,3488.8
6790,5022.24
6537,4958.15
2431,3808.22
5931,5212.85
7527,5548.89
918,2082.36
9223,6158.69
3898,4742.72
447,2790.91
210,1794.13
4020,4469.19
8775,7265.21
8119,5911.56
7212,5441.39
5394,4353.04
2770,3462.27
7056,5925.79
5788,5231.13
6193,4725.9
6541,5353.02
4372,4357.16
6250,5541.21
1633,2400.13
7511,6397.33
6839,5663.62
3198,3695.02
9595,7739.73
6285,5606.71
3744,4243.52
2021,3295.96
1352,3120.1
5928,5024.52
7712,4742.91
5876,4786.49
9921,7639.18
8917,6212.06
9202,5387.82
8556,6613.8
5589,5157.58
6088,4939.89
3665,4191.78
6469,6032.69
5280,5001.69
127,2384.77
1584,2890.63
1455,2054.75
6777,4342.45
5822,6144.5
5503,4856.42
977,2271.33
8904,6268.28
6522,5253.72
5892,5581.78
7098,5919.44
3214,3946.3
2571,3084.04
1638,1959.96
3523,3361.31
9239,6823.57
1402,2838.42
468,2262.74
5437,4943.12
6155,5066.52
2517,3716.92
7302,5621.42
6674,5566.31
8457,5840.67
2838,3648.49
7034,5463.19
2133,3688.39
6428,5967.03
2141,3422.99
6399,5406.3
336,2526.46
6494,5639.61
4537,4637.26
2856,2945.92
6163,4921.76
9183,6873.78
6617,5380.8
4153,3743.37
7366,5838.74
9910,6846.69
2277,3003.07
2403,3448.25
1579,1974.64
217,2158.5
3958,3817.19
9058,6420.51
4500,4629.72
5348,4721.1
3637,3599.17
3654,3503.26
1736,2650.7
8187,5725.06
5636,4813.22
2862,2661.26
4180,3310.7
4160,4487.0
5258,5062.48
9739,5638.78
4465,4612.32
2495,3726.45
9814,8292.35
2896,3255.48
3964,3851.28
457,2325.26
3241,3754.77
5570,5469.96
2696,4520.8
9654,7072.47
2801,3744.77
8359,6240.99
4486,4022.62
7992,5217.48
5029,3459.98
898,3063.51
1630,2581.68
7075,5375.68
7475,4975.96
4935,4214.86
3686,4190.57
5452,4153.57
967,2616.14
3656,3935.92
5356,5010.61
8684,5796.89
610,2548.63
1025,2163.94
8666,5965.93
3889,4225.2
3289,2998.97
6732,4975.43
7594,4266.41
2781,2498.59
2584,3165.36
7737,5623.23
2816,3069.06
4825,4399.68
184,2664.44
141,2409.01
6774,4250.35
7139,5294.54
2416,3285.33
2568,3464.94
8122,5984.13
7608,5421.08
8955,6809.33
7758,6298.57
9608,6598.43
592,1330.51
567,2264.26
585,1746.2
5097,5325.72
8363,6562.43
1660,1638.76
9433,7346.46
7991,6996.53
7146,5731.94
6173,5255.09
3403,4199.3
5470,5293.8
5491,4856.65
4364,3606.15
3808,3290.19
297,3089.59
2336,4215.11
5948,4673.26
2794,3611.4
7030,5959.84
699,2162.07
7251,5991.55
8396,6280.04
7084,5087.57
9101,6609.38
1524,3494.15
2472,3792.6
5174,4665.89
7749,6009.8
6127,4480.04
8144,6324.33
584,1850.1
9115,6477.77
9713,6555.92
4229,3767.96
5279,4927.8
4555,3395.69
3035,3840.65
6104,4588.41
8453,6296.94
1262,2183.34
6136,4693.11
1799,3336.22
8905,5974.59
8869,5841.43
3734,4147.78
3801,4427.38
9511,6041.09
4022,3240.74
4459,4070.79
3901,3702.51
5403,5595.5
3243,3019.25
6132,3994.25
5992,4377.71
4628,4473.3
2624,3660.75
1589,2610.23
348,1494.76
7942,6819.87
9136,6290.87
4533,3541.0
9880,7277.8
6386,5760.92
5081,5426.39
3409,3669.1
5081,5164.49
5578,4283.24
9736,6850.25
580,1637.09
7051,6419.75
3790,3807.68
4314,4091.28
9097,5989.06
5905,5461.48
1276,2695.92
6653,4928.19
6039,5638.54
8602,6232.56
4893,4197.65
6455,5114.14
3589,2993.99
8470,6217.05
2522,2876.79
8165,5559.53
155,1901.02
6660,4696.92
4281,3807.79
1388,3684.74
6059,4809.82
5177,4688.0
6115,5090.2
6457,4312.19
9043,5545.65
4882,3068.64
464,2811.29
8604,5825.76
5443,4598.41
9594,7128.75
7492,5566.83
2223,3068.87
2199,2883.64
1165,2762.53
9337,6714.4
6886,5002.44
3466,3423.35
1964,3138.15
8760,6735.9
1441,2799.54
9917,7359.77
8339,5821.07
3718,4050.18
2098,2863.37
3976,3582.99
4317,3991.59
2005,3269.69
984,2153.24
5160,4000.26
9869,6986.03
1916,2345.79
2957,2332.56
4681,4723.83
3184,3278.06
5179,4487.01
2467,3422.79
9165,6632.02
1871,3389.27
4684,4299.89
8821,6352.63
560,2571.6
9740,6423.79
3642,3710.25
783,2773.94
8271,5711.24
2396,2840.47
1076,2845.28
9950,7044.36
8794,6464.24
4562,4180.25
6638,5278.09
8610,5414.66
6922,5514.41
9032,6961.79
7027,5517.56
7045,4591.16
135,2351.29
9193,5958.73
8794,5700.28
3614,3128.14
9958,7222.49
2777,4241.03
8048,5964.71
3107,3546.21
5634,4411.89
7824,6074.28
1393,3966.09
5164,4755.35
2746,3800.78
9176,6732.6
9466,6862.2
1327,2037.18
6625,6294.7
3086,3869.73
3534,3740.86
7663,6155.62
8903,5334.68
767,1691.36
2081,2185.49
7454,5527.33
5062,4576.43
5108,4143.85
8959,6926.08
6959,4920.71
8644,6271.0
6154,4798.51
6336,4355.57
9547,6964.86
4565,4820.95
1363,2779.65
7373,5923.69
4120,4071.18
2325,3197.82
8632,6310.7
6300,5279.04
459,2201.23
3587,3614.05
486,2183.56
1821,2759.56
2651,2254.08
8142,6738.96
4473,3529.64
6326,7121.89
6599,5846.83
8059,6571.58
701,2491.41
6793,5191.16
5177,5159.32
2381,2576.95
9198,6557.94
6743,4423.0
4146,3980.08
8093,5611.16
599,1094.38
1952,2567.66
8704,6315.77
4982,4564.38
2571,3178.99
3662,3471.79
1801,3380.44
5777,4647.54
973,2518.32
8650,6014.26
4909,4174.54
6010,5568.33
7797,6091.36
8108,6235.09
4839,4650.97
2299,3763.47
7147,5530.0
1024,2817.07
823,2428.75
7938,6211.42
1489,2873.92
2161,2553.35
3994,4399.67
7604,4088.73
5589,4400.82
4614,3498.12
2892,3888.51
288,2008.6
1646,2513.35
4277,4520.0
1552,2855.15
8197,6272.93
1603,2905.63
1101,2939.61
556,1352.85
7423,5847.48
7387,5782.71
2577,3119.99
9545,6400.97
1432,2214.7
6053,4073.73
5712,4353.24
4279,3932.95
6364,4938.1
4566,4458.12
2976,3772.33
6019,5197.59
3069,3105.04
3801,4174.79
5158,4553.55
2653,3337.18
5510,5399.15
1445,2778.17
1005,3097.73
5696,5344.81
5040,4168.67
1552,3773.43
493,1976.16
5879,5370.9
4522,4669.05
6359,4808.56
9972,7692.8
9894,6717.73
2177,3854.53
4830,5445.13
2085,3483.86
3515,3417.87
1630,3417.12
8982,6802.93
700,2224.83
6933,5477.44
9262,6402.92
6590,5733.61
6747,4893.01
2360,2070.07
7255,5333.39
9868,6609.67
8174,5699.89
3612,4129.54
9758,6015.1
9613,7114.81
5158,5517.53
2556,3897.51
5363,4467.3
9161,6470.21
4169,4427.26
2495,3253.97
2059,2937.77
1165,2902.65
1844,3189.78
3676,3727.96
5563,4626.95
1303,1891.79
158,2296.58
3013,3428.02
1500,3308.19
7853,5810.61
9386,6597.19
216,2845.95
9692,6812.19
7810,5743.98
8732,5248.89
964,2504.7
7156,5786.59
403,1838.56
5958,5137.74
1573,1721.62
2422,2243.21
4765,4299.94
7439,5956.37
1342,1797.41
7803,6725.57
901,2729.9
914,2661.0
9890,7478.35
6346,5631.48
6269,4635.7
8641,5368.31
9422,7157.05
4471,4666.38
2043,3063.88
4803,4048.1
733,1890.38
5890,5361.6
7043,5008.69
915,3275.8
8944,6308.72
5085,4497.83
5676,6330.29
1331,2662.72
1497,2942.54
8373,5986.3
3940,4046.04
7525,5463.0
3015,3976.04
4023,4248.62
4651,3640.86
2644,3388.23
3186,2997.92
446,1840.57
5600,4685.95
7400,6138.76
1272,3610.03
8741,6147.65
1066,1991.25
2912,3532.29
9170,5976.43
6267,5769.85
6853,5389.11
2044,2514.83
4412,4212.55
1435,3128.74
4137,4689.62
7238,6918.02
6643,5433.36
1174,2407.06
5400,5175.72
4382,3967.12
4115,3983.1
8090,6724.55
8659,5103.08
310,2230.57
5530,4660.06
7679,5201.48
8007,4812.24
2120,3468.99
5202,4870.45
9397,6447.16
5335,3011.59
9569,7531.0
5089,4911.12
8195,6147.63
967,2353.95
327,2216.05
248,1661.65
1384,841.54
866,2590.63
2575,2846.82
3549,3267.63
7636,5510.84
479,1836.11
1147,2161.17
8266,7015.24
4037,4381.93
5822,5064.73
2128,2778.37
4785,3790.43
5291,4931.9
8584,5098.07
8461,6163.67
2131,3441.22
702,2362.18
2793,4652.94
8657,6739.16
8540,5828.6
5278,4507.14
3100,4152.75
2784,4039.51
9715,6325.08
2128,3255.0
1225,3062.97
6149,4373.63
6184,4833.03
8578,6925.13
7022,5499.28
7426,5243.3
9066,6514.95
8082,7025.48
2743,3578.08
8294,6743.62
1676,2944.05
4141,4578.52
6941,6009.89
5543,5208.04
1383,2482.51
3830,4050.07
1846,2883.28
7909,6376.06
1445,2614.17
5296,4205.72
353,1984.11
5034,5121.41
3625,4613.48
9400,6055.36
7264,5250.31
9324,6615.91
2718,3166.1
6403,5224.1
8070,6574.92
4840,4125.42
2489,3536.63
191,2210.17
3722,3299.07
1715,2242.98
4931,4085.28
6761,6371.32
2451,3190.91
3066,3837.31
5523,4940.31
2305,3514.14
1494,2768.56
4897,4161.33
8669,5945.97
5487,4956.54
2910,4265.47
8393,6136.78
8633,6058.24
5209,4760.91
8008,5914.05
3712,3394.54
5083,5139.7
9735,6522.38
5000,3939.54
7243,5873.98
7751,5931.96
1975,2649.87
7171,5587.78
7316,6302.12
5705,4156.57
3046,3951.47
8053,5688.47
8497,6374.42
9216,6705.2
4017,3261.22
7320,5287.34
878,2250.52
7036,5993.64
5157,4671.44
9051,7687.55
2907,3007.46
9960,7292.04
677,3265.12
4570,4429.89
9545,6729.25
3531,3833.88
4669,4903.38
7376,4645.95
2465,3549.47
3179,3999.51
7409,6743.66
8676,6520.21
646,2400.95
9514,6334.62
8633,6132.77
6553,4940.18
232,2082.65
7775,5153.79
5165,5137.49
9038,6454.01
9597,5883.84
6860,4953.52
7026,5017.11
9187,6035.29
5807,4666.22
2118,4077.9
9318,6177.57
8476,5457.97
3454,4032.3
6073,4683.7
1048,2153.65
101,2065.68
4676,5106.71
2728,3330.45
5586,4936.55
2950,4122.05
4077,4760.91
6852,6069.73
5384,4252.56
1552,2788.15
1121,3295.16
7184,5012.89
7205,5339.28
9215,7252.22
3523,3611.24
2031,2954.39
813,2459.53
6061,4271.09
9822,7021.55
9284,6712.6
4984,4627.03
5675,5330.19
6064,4728.77
9241,6582.85
4359,4085.63
824,1959.04
4135,2605.24
7155,6227.31
3038,3213.49
3830,3582.44
7992,6402.21
9230,6306.45
5983,5229.56
4545,5302.22
2194,3027.26
9381,6874.01
6483,5148.72
9395,6713.8
821,2671.09
9947,7171.31
4610,4606.61
5501,4424.18
9725,6680.33
7586,5952.97
1335,3085.46
3198,3052.86
6053,4841.86
6279,4639.55
2026,2621.2
641,2587.22
3238,4318.13
6440,5056.75
2004,2917.03
8063,5758.15
4940,4226.05
9789,7030.3
2112,3212.79
6971,5256.66
1992,2926.75
8469,6134.7
4317,4291.19
1960,2873.47
8171,6299.9
3341,3116.43
5455,4154.57
2267,2457.86
146,2456.8
7881,5589.28
6422,5224.47
6853,5138.12
7554,5883.1
9712,6719.32
4463,4557.89
6381,4895.9
4171,3475.87
6581,5754.07
6519,4823.62
7910,6344.24
8697,5977.41
5232,3803.06
8853,6315.94
5204,4600.64
4572,3732.55
4050,3235.33
8482,5743.28
7149,5577.48
8055,5894.82
5074,4098.35
3480,3412.65
5237,4715.75
5190,4192.31
7231,5589.16
2873,4329.25
4498,5388.17
3873,4921.81
5812,4605.56
5893,5207.33
9663,6637.73
1822,2408.39
5041,4287.24
7839,6408.58
7751,5981.73
7326,6043.29
9455,6791.62
3834,3874.29
5005,4827.24
6882,6224.1
9256,6308.11
6607,5373.87
3047,3308.81
2134,3266.09
1748,3249.03
3647,3689.4
1068,2537.0
1225,2832.38
8852,5826.53
8955,6414.9
2679,3200.94
2954,3405.92
9167,6406.29
1880,3058.84
5808,5058.25
4545,4527.38
209,2146.15
692,2830.21
4958,4148.71
9828,7587.63
5322,4223.46
1232,3204.36
7264,5625.66
5285,4799.9
8080,5885.41
9503,6830.92
8222,6458.32
964,2493.69
276,2568.55
3310,4600.64
1364,3040.99
5092,3177.13
1074,2591.5
6011,4812.15
8831,6726.96
7557,5586.59
2224,2824.44
5983,4529.11
7278,5027.49
8636,7155.95
4554,4087.71
3627,3795.92
1095,3679.72
7595,6379.37
7452,5641.27
1142,2432.27
8967,6815.22
9645,7147.18
9447,7002.47
8827,6816.88
4763,4335.73
3695,3338.29
3999,4011.97
4049,3884.08
8764,6295.89
3805,4601.4
1410,1484.37
265,3505.49
1284,2728.93
6688,5109.07
2757,3189.3
5971,4851.22
617,2185.41
4255,4269.3
7019,4188.2
249,1751.08
6587,4967.07
8954,6070.67
5491,4512.1
3038,3374.24
9716,6948.26
5823,4442.72
4449,4305.89
1842,2412.24
1563,2626.59
3715,3483.69
3463,3704.34
1854,3104.11
5750,4566.53
7211,5469.4
7157,6771.48
6960,5091.7
5069,4685.25
1408,2284.28
5275,4193.34
2612,3456.47
2619,3147.8
8212,6795.43
754,2554.58
2363,3522.16
5222,4650.33
3436,3011.46
1611,2645.15
9377,6872.08
2690,2564.54
8149,6138.66
4118,3635.93
618,1868.79
5361,5128.74
1860,3111.1
5326,5444.14
9150,6526.25
4220,3722.02
2018,3822.33
6617,4856.28
924,2149.57
7674,6119.08
3137,4158.85
5870,4473.67
7052,5214.97
6514,6223.68
6417,5831.58
2273,3272.58
5982,5104.07
4750,3799.05
3916,3535.98
3111,2918.22
1574,3828.94
5453,4877.07
2666,3195.32
3154,3723.16
7357,6282.53
2260,3214.85
6164,5296.97
6840,4427.89
7782,5162.79
9975,7444.09
1521,3257.38
8946,6423.51
6752,4722.45
2759,3230.82
9367,7760.77
7320,4549.29
2331,2589.0
6734,5657.11
7546,6142.77
4120,3834.51
9241,6338.55
4676,4219.27
5850,4647.22
8704,6648.4
8735,5925.16
2040,2583.82
4311,4021.7
3422,3698.94
8868,6232.48
5717,4357.86
5398,5038.76
7027,5715.66
9458,6634.7
5035,3920.57
7921,6303.7
3364,4204.59
3613,3542.12
643,2061.5
2135,2779.86
9775,7062.93
4315,4186.18
1942,3281.31
3753,4754.12
6551,5913.41
8392,6045.49
2882,3811.36
2466,3535.65
6086,5142.03
438,1957.97
2192,2874.5
4357,4042.72
1238,2484.99
5274,3774.12
7807,5982.94
1888,2144.99
2502,3115.53
3658,3587.24
6593,5164.2
8298,6976.01
9279,7036.42
3991,3927.64
5486,5354.37
6443,5163.4
7689,6605.97
1339,4182.34
264,1371.05
2544,4021.68
2556,3199.72
3450,4227.16
5816,4526.77
6009,4194.62
3034,3059.56
7176,6156.05
348,2549.21
8425,6116.8
4016,4722.68
196,2405.8
6784,5008.54
5837,4849.65
2263,2652.96
2980,3806.67
2502,3047.29
8494,6781.0
3053,4594.27
9737,6526.75
5070,4566.96
9192,5677.43
6940,4565.07
8262,4931.02
2665,3296.65
971,1410.44
2620,3008.64
7749,6010.13
9115,6505.25
8391,5486.09
1603,2632.22
6367,4881.28
9260,7272.56
2230,3168.7
4877,3404.0
8260,5886.61
3732,4025.65
4199,4490.27
3124,3493.69
5810,5026.98
4944,4037.79
1984,2565.71
5720,5077.42
2875,3302.82
7536,6153.01
6758,5264.88
5596,4755.79
3068,3625.8
2681,3219.18
3311,3464.12
4907,4545.83
5516,5916.53
3878,4013.27
4165,4089.61
5190,4401.19
9767,7374.84
3126,4344.25
5264,4196.37
5917,4614.72
5057,3550.69
4743,3924.36
2868,3270.71
2793,3168.06
9201,6004.22
5050,5104.94
9145,7169.6
8987,6227.33
2202,3570.87
4645,3749.78
4226,4243.94
9229,7491.82
1442,2532.27
9104,6668.37
8147,5566.45
3597,3173.46
1490,3054.3
4850,3722.43
631,1759.35
215,2163.23
8728,6466.32
3718,4026.91
6563,5239.27
5870,3963.83
5263,4642.18
8816,6473.3
2703,4024.39
9646,7265.98
1527,2871.75
2598,3547.38
9644,7291.23
6128,5543.62
8961,6317.99
9594,6418.43
6794,5044.91
4205,4089.34
3452,3721.45
187,905.75
6960,5148.97
5805,4320.12
1231,2641.75
7398,5248.01
4960,4758.44
9275,6335.93
4841,4986.26
493,2605.09
4041,3466.01
6458,4566.4
7619,5776.3
3531,4114.68
9511,6536.41
2258,2168.35
8117,5177.81
1664,3909.49
3835,4829.0
7769,4609.82
9812,7272.19
9044,7058.67
7094,5934.78
3963,3832.54
6004,5275.5
813,1546.46
5237,3707.47
2910,4526.33
6273,4734.7
7866,7060.53
2755,3245.89
3526,3335.8
9304,6869.95
2044,2576.87
1267,2489.75
3319,4245.38
1441,2029.38
8776,6286.0
5556,4214.51
4073,4465.93
1424,3210.05
5747,4730.36
9392,6749.64
9505,7072.42
7223,5475.18
970,3033.28
6470,4425.82
8553,6181.64
4573,3871.7
827,2697.92
8535,6522.54
4779,3995.97
740,2357.97
2109,2788.08
4554,4015.24
3209,3485.05
7109,4567.72
5247,4503.63
8730,6932.55
2309,2937.83
9902,5539.87
5730,5268.88
2282,4399.29
1331,2667.3
3889,4489.52
4709,4419.63
5439,4992.32
8306,6693.09
8709,6599.5
359,2201.76
6367,5323.82
7795,6130.02
1463,3263.34
5041,5581.78
7442,6117.31
9737,6328.51
6532,4259.51
8979,6410.55
9482,6833.26
1256,2478.49
2121,3647.72
8786,7047.8
1396,2194.41
1067,2220.43
1881,3381.38
5314,5191.47
5315,4851.77
8589,6751.31
5703,5502.94
8441,6054.54
2190,3750.25
2382,3216.8
6180,4816.86
2859,4087.36
5060,4113.66
5818,5218.1
1705,2811.26
2891,4046.55
8046,6753.28
8498,6204.2
5816,4775.88
6672,4671.88
2231,4008.03
9730,6782.31
9451,7105.27
6761,4732.72
2682,3770.1
7823,5193.74
7787,6099.77
8223,6346.87
5495,4378.52
9835,6517.06
9519,6407.34
3938,4512.6
2169,2694.04
1465,3145.94
7630,5713.58
3209,3881.84
7325,5956.79
3165,4600.51
9167,6923.32
8045,6254.32
8205,5970.63
6721,5261.67
7558,5350.38
861,1925.59
2824,3238.53
9747,7171.5
7192,4355.35
684,2741.34
3293,3665.03
771,1966.26
1050,2643.04
3391,4308.41
7621,5918.68
9452,6492.63
8083,6372.67
8705,6607.18
9807,6485.91
6629,4701.83
3763,3585.72
2366,2731.97
7713,6006.21
5648,5670.07
1660,2661.92
3813,3906.02
130,1636.34
2795,3787.42
353,1204.09
3960,3464.59
2627,3691.34
1307,2662.37
1539,2813.64
2329,3292.39
5625,5294.02
9996,6997.84
9625,6632.44
4418,4634.49
6719,4601.8
3484,3609.69
7008,5897.52
4596,4212.51
5904,5435.62
9471,6812.09
6216,5707.22
6088,4850.23
5808,4757.7
6027,5200.41
9155,6254.48
6083,4777.15
9108,6309.56
8591,6603.21
9710,6575.12
2545,3601.72
3644,4173.33
7727,5815.79
3466,3918.12
3679,4158.4
2979,3005.09
7250,5917.14
5853,4588.28
706,2282.22
5536,6032.38
2248,2638.14
6198,5278.3
6159,5014.14
4593,4256.17
9222,6621.67
6569,4743.88
2814,4567.5
4499,4846.49
9257,6129.82
1498,3854.81
6263,4879.96
9967,6619.08
2451,3362.86
9804,7632.09
3587,3557.63
3422,3786.04
1928,2500.26
4951,4820.07
4133,2656.55
6552,6825.52
6992,6085.16
4640,3635.98
1176,3273.99
4442,3199.33
6496,5062.38
1428,3442.01
8288,6075.28
5519,3356.31
5141,3501.2
7911,6244.74
9558,7507.79
2174,3162.31
1875,3126.85
4090,4603.3
5141,4496.93
3034,3695.52
8986,6702.03
5983,4859.52
7084,5024.64
2344,2749.62
1267,2568.58
9225,6175.07
7532,5981.36
2552,2725.83
6160,4290.88
3314,3724.2
5027,4322.95
3620,3647.51
8799,6548.89
5762,4191.76
4157,4897.31
2349,2886.91
1934,2573.1
2641,3370.31
6228,4702.27
4910,4043.22
2979,4392.66
3699,4476.33
4687,3948.07
382,1159.6
335,1696.92
677,2393.52
6397,5626.89
376,1805.47
3453,3218.23
5270,4288.41
1936,3564.34
4603,4194.61
1823,2580.6
6193,5094.78
1124,2185.61
4749,5143.48
5507,4888.72
567,959.81
2384,3402.45
7821,5741.45
3542,3817.54
3252,3204.09
1584,3579.74
9585,6560.39
9774,7406.03
6776,5071.69
3413,2906.92
1905,3443.65
676,2021.1
8371,5942.16
4285,3680.86
9872,6838.46
4025,3495.78
5562,4063.26
6881,5470.81
3732,3686.93
9344,6739.93
2379,3259.76
8835,6890.97
601,1726.33
9586,6796.23
3399,3344.41
2131,3857.03
2458,3159.7
3519,4085.79
8968,6572.53
9976,6657.75
3755,3231.93
3720,4066.27
4285,4322.71
2044,3025.69
1533,2726.59
9183,5320.03
3241,3497.42
4406,4150.68
5670,5880.53
1160,2176.93
9985,6745.3
7485,5640.15
5329,4383.41
1282,2823.02
9886,6062.18
7665,5392.9
2601,4316.19
3703,4455.17
9460,6736.01
746,2229.28
9759,6909.82
8016,6466.86
4053,4637.62
8988,6684.08
8302,6344.19
5949,5457.01
3406,3938.09
8177,5995.09
4522,4309.16
5990,4887.19
3122,3687.63
5906,5222.9
1880,3089.7
4312,3684.35
5341,5280.11
848,2174.16
4428,4063.6
7255,6407.5
9623,6369.76
6436,5678.91
6860,5176.11
3276,4028.65
7480,5353.15
4734,5165.83
1781,3608.01
7490,6160.68
5601,4794.38
7163,6053.92
8579,5949.36
4432,5590.28
5081,5318.89
6041,4740.97
5557,4935.6
1260,3093.58
6266,5554.34
6470,6071.01
7414,6372.56
5763,5276.04
9561,6587.07
6094,5714.22
5672,4692.16
7191,5433.34
752,2473.31
226,3088.87
2528,2638.59
6965,5915.44
9017,6812.29
3535,3829.26
3590,3455.11
8993,6658.26
8386,5998.9
2195,2914.65
2341,2897.73
9919,6719.73
2396,3022.04
5740,5587.81
2225,3181.92
7689,5749.03
381,2409.13
3647,4131.04
4988,4272.79
5159,5118.88
7585,5031.61
1891,3044.15
9381,7230.51
9240,6976.13
7239,5283.8
8789,6545.26
8963,6541.61
2976,2147.53
2401,4763.35
4680,4048.07
7306,5555.02
8741,6112.93
2234,3900.47
3486,3681.5
6018,4504.86
5189,4866.79
3286,3484.49
1690,2215.17
5203,4722.0
8742,7057.77
7668,6415.94
4948,4042.26
117,2304.58
9232,7141.03
1813,3030.36
3505,3125.97
837,3368.35
3000,3738.4
4003,4910.06
9884,7224.21
6123,4875.1
9418,7077.98
1095,2070.1
7209,5858.01
1977,3189.11
1889,2981.31
6315,4911.21
2759,4620.26
1539,3045.07
6487,5929.54
539,2817.56
8323,5701.82
2531,3562.43
5527,4705.57
3497,3971.88
726,1254.82
7918,5823.62
2463,3199.27
7795,5675.18
8126,6406.96
1389,2090.87
136,2164.58
7007,6044.26
7864,4793.69
9574,6914.77
4560,5272.28
5937,4883.57
6413,5808.76
3361,4141.71
9079,5917.69
6701,5485.7
8844,6465.48
5824,5110.59
5391,4923.81
7097,5815.39
8670,7310.75
6154,4856.4
1528,2994.88
5410,5062.29
4632,3945.72
3699,4209.16
8586,6187.64
3283,4299.41
750,2226.07
6743,5641.17
1993,3304.4
9279,6238.84
7170,5932.6
7045,6187.65
2417,2674.64
9044,6711.88
7528,6528.97
2913,3385.11
7635,6034.06
3053,2750.39
5988,4848.4
4337,3988.25
7660,5685.2
3575,4134.18
4035,3544.78
5058,4456.57
4923,5140.72
9390,7162.33
7496,5624.62
7560,5918.16
842,1687.02
3116,3160.52
7803,5249.87
9336,6282.02
7382,6106.32
5319,5127.75
5121,4531.28
5964,5202.39
7929,5367.05
4280,4212.63
5850,5215.67
7258,5257.97
4544,5207.52
6371,4870.84
4544,4525.5
7144,5512.02
253,1550.21
9555,7824.23
3607,3429.29
741,2142.4
1942,2785.4
1404,2925.34
5059,4840.14
9892,6474.36
1180,3151.29
9664,7359.96
7832,5522.01
1866,2115.46
6236,5135.41
9101,6234.53
2065,2942.99
7491,4832.57
4146,3844.66
7094,4546.96
7240,5511.43
5355,4578.18
1715,3182.56
7326,4946.12
3493,3219.63
6557,4625.57
2150,3010.85
6114,4263.86
7775,5921.51
8639,6825.63
7365,5217.49
583,2347.66
2356,2838.39
1260,1878.85
1512,2986.65
8303,5704.21
7149,5320.54
930,1673.66
2761,3097.2
225,1686.89
4219,4552.79
2256,3643.26
2409,2814.1
1285,2171.55
7134,5156.45
4098,4659.13
851,2820.69
5878,5461.01
4172,4589.94
3013,3632.69
3584,4257.86
1132,2364.56
4889,3660.87
5013,3979.33
8569,5467.45
7748,5976.52
1176,1329.79
988,1968.16
9892,6905.45
9462,7322.59
8872,7765.54
4845,4688.94
4206,4188.48
4542,3809.86
9524,6983.6
8646,6541.99
1222,2273.4
3097,3051.08
3163,4234.47
9301,7232.96
6478,5662.83
1806,2106.23
6948,5519.37
5290,4215.04
9946,7187.95
4476,4428.78
4331,3418.79
6411,5068.7
237,1229.41
4202,4641.72
1957,2383.69
3435,4871.09
3309,3150.73
9655,7430.6
1666,3333.76
3015,3411.05
3521,2957.47
518,1973.28
5500,5359.02
435,2730.86
954,2289.2
7152,6004.13
6215,4867.11
1875,3772.37
4219,3985.75
319,1376.74
7825,6359.35
1302,2716.2
5794,3618.16
6794,6107.93
4730,3909.51
6429,4293.06
2813,2943.65
6627,5557.58
1739,2976.18
3726,3359.41
9845,7559.11
2885,2941.88
8714,5785.95
1484,2745.19
845,2482.38
6545,5915.1
1981,3474.65
8926,6454.84
6555,4718.56
401,1456.78
623,2204.0
4936,4344.47
2156,2963.71
1674,2785.06
5543,4463.32
1022,3049.53
4690,4278.67
5021,4300.55
6589,5179.19
1019,1908.17
2145,3297.4
5591,5301.05
1293,2720.23
5061,4279.5
5710,4933.68
3815,3110.92
7648,6411.77
1554,2890.11
6687,5581.29
4086,4670.96
4645,4248.98
2965,3364.65
6029,5214.0
2351,2824.17
4479,5012.11
800,2742.46
6551,5796.76
1823,1979.97
823,2757.76
1855,2547.96
9277,6223.45
9824,7075.72
6760,5612.05
7083,5620.45
783,2918.15
9775,6240.72
1558,2776.92
1418,2911.76
7319,5933.81
3066,2106.2
4771,4189.16
9539,7050.39
3708,3972.44
2699,2954.12
1625,3094.82
5636,4816.49
121,1299.68
8720,6515.41
5354,4835.95
1935,1459.58
923,2119.47
501,2518.42
2024,3305.11
2419,3645.97
821,2556.35
1233,2866.73
678,2528.31
4005,3038.55
6651,5477.82
9467,6810.21
5133,4712.9
6176,5779.35
7779,6691.77
8369,6589.47
5335,4111.26
7960,6333.22
4070,3817.29
3146,2953.61
3829,3769.56
7953,5421.35
926,3407.65
4439,5199.89
250,2095.2
6291,5693.41
4263,4519.71
2754,3352.41
6299,5102.39
5936,4645.74
2431,3445.38
582,2169.27
1190,2317.9
7896,6539.38
621,1883.58
2195,3007.29
7681,5495.5
4461,3496.62
4777,4474.54
6387,5182.05
4317,3934.26
3852,3773.3
9257,7207.16
5013,4410.99
7829,5761.17
3705,3572.32
7478,5111.12
9553,6950.38
8249,6352.08
1551,2365.62
7243,5096.07
641,2509.68
9778,6229.7
8532,6599.52
9171,6208.47
7516,6131.72
3558,3856.29
9026,6583.5
6851,4420.23
7001,5497.44
165,1771.81
7957,5791.77
9690,7039.73
4640,4220.58
5118,4666.63
7759,4732.89
9649,7169.13
4396,3843.56
2760,3808.53
6518,4404.75
428,1505.81
2363,3022.1
5434,3845.43
2582,3277.89
7733,5277.41
6929,5414.89
5079,4754.74
6111,4764.32
1005,1962.43
7582,6517.06
2217,2825.69
6969,6338.74
948,3686.86
9803,6365.7
554,2243.77
5504,5132.51
5191,5001.36
9559,6741.76
1113,2789.32
2049,3347.51
8448,6167.94
2124,2828.05
889,2179.23
1829,3551.89
8740,6850.86
5158,3367.53
2306,2214.1
3665,4462.16
4963,4013.88
6635,4789.82
2746,4607.57
7401,6191.29
7052,5375.0
2707,3521.5
9881,7126.85
404,1326.08
8060,6144.4
8590,6149.94
5386,4547.98
8259,5977.12
7629,6335.94
2178,3082.43
7092,5140.28
1620,2227.48
2339,3263.73
3405,3476.32
1331,2618.65
8164,6366.44
4692,5039.91
4366,4016.47
1607,2662.53
6660,5943.0
4066,4063.08
3888,4080.01
8816,6704.19
4586,4876.06
5966,5512.68
7343,5839.07
2433,3328.99
489,2311.55
5735,4801.97
727,2118.5
8786,6773.63
4805,4516.29
6153,4778.63
7263,6118.55
2909,4325.14
6930,5149.02
3665,4065.13
5546,4158.74
2601,3140.79
8942,7419.26
6989,5201.64
9927,6839.74
1913,3031.86
6140,4472.96
1877,2871.09
2182,3310.13
9221,6619.49
8434,7254.1
4406,4721.09
1778,2872.67
9466,6801.11
5863,4322.77
8872,6315.45
5402,4964.62
8770,6569.73
4703,4484.91
5459,4784.78
4895,4400.1
6402,5300.89
6155,5589.21
8642,6369.19
2102,2586.98
3394,3910.78
7646,5623.48
4204,4416.1
7235,5111.54
4288,3899.38
4366,4847.52
5942,5235.32
9239,6323.53
2032,2858.52
6299,5212.48
6671,4861.26
7130,5681.1
1795,2388.46
2670,3593.09
5340,4390.22
9400,6532.97
3933,4107.43
2185,3340.94
5786,5230.74
9704,6631.33
2737,3674.12
2827,3041.49
1499,2138.18
4667,3675.89
3154,2921.86
1990,3399.84
522,1067.37
1605,2350.3
9897,5641.19
6205,4450.86
6375,4775.43
353,1650.23
2873,3578.55
4706,4326.25
7818,5737.56
6665,5866.0
706,2339.5
5502,3925.79
2854,2856.25
3947,4063.26
3484,3975.85
9913,7332.36
5408,5178.92
2436,4402.12
9884,6508.13
9977,6510.62
5269,4670.58
1068,3461.14
4229,5204.25
2596,3375.75
5383,4344.08
2501,2616.14
9633,7601.28
7159,5760.49
2025,3034.49
865,2371.13
2300,3072.76
1071,2197.68
8086,5810.04
2778,2721.57
8757,6454.4
8119,5707.68
7646,6225.42
3775,3837.52
4647,5205.45
4813,4339.01
8490,5901.04
2012,2145.57
241,1382.38
7424,6053.13
7322,5532.38
4854,4104.99
9072,6825.41
4691,4363.16
6911,5602.8
6339,5255.44
116,1878.58
4390,4503.36
2193,2294.83
3022,3288.09
2478,3006.96
2026,2303.96
8648,6443.52
9260,6536.07
2239,2929.1
7544,5867.64
6119,4181.84
8902,5272.4
4818,3709.26
770,2085.22
220,1705.76
2164,3349.3
1951,3380.48
6564,5381.26
7934,5796.33
7945,6155.01
9755,6297.97
7823,5911.03
6993,5065.38
8981,6581.82
9994,7207.4
4482,3405.09
1881,3468.83
2140,3032.13
4744,4655.09
1840,3049.47
1983,3257.6
311,2739.88
2056,2940.52
6890,6048.31
9024,6414.51
2821,4148.49
1254,1699.25
2904,3396.93
6482,5004.69
6693,4533.46
3544,3916.81
9569,6151.98
2941,4096.48
2257,3456.4
3642,3582.71
264,2296.77
1512,2829.03
4162,4093.72
1180,2392.73
1135,2992.43
376,2987.73
4664,4598.85
9900,6343.94
3410,4123.61
4521,4977.08
3121,2966.68
1158,2720.48
840,1759.38
2390,3034.34
4705,4905.01
1274,2853.12
972,1890.56
5372,4678.18
7143,5853.43
7351,5762.48
3514,3429.19
6454,4518.67
4660,4118.48
8354,5382.71
626,2568.93
3652,4503.48
4935,4571.85
817,1752.8
3810,3760.15
5991,4412.34
7754,4671.99
538,2294.77
9102,7297.44
8489,6151.65
2178,2977.14
6656,5024.85
4684,4001.19
336,2273.29
141,1163.68
7406,5613.53
5972,3967.42
557,2582.1
2881,3328.86
5904,5075.76
3288,2783.75
6857,5696.52
5277,3854.61
1414,2717.91
3420,3178.02
5509,4451.23
8774,7130.12
5674,5160.21
733,2224.52
2250,3149.15
1813,2645.21
683,3129.96
1096,2694.66
7775,6490.18
6929,5115.58
7470,5490.93
8227,6174.59
1115,1761.32
4900,3775.64
8088,6119.75
5965,4376.18
6763,5777.3
6180,4968.95
9325,6299.73
226,2371.12
3630,4236.67
7393,5618.43
9937,6381.36
4853,3717.09
687,2111.31
9697,6558.94
2192,3359.0
3323,2805.62
809,1931.66
1758,2213.47
2322,4070.65
5404,4822.64
2366,2657.84
548,2316.63
1609,2996.79
7590,4255.46
3825,4269.06
3806,3942.4
7275,5651.61
9855,6721.86
467,2274.98
9262,5617.05
2868,3831.66
1548,2147.15
6558,4662.36
4181,3894.7
6385,5079.27
8291,5952.82
7729,5615.25
8366,6257.56
2430,3343.27
6415,5625.34
6635,5667.78
696,1633.42
1804,3007.14
9866,6892.77
3805,3278.11
2779,3565.43
7712,5799.31
7580,5774.07
7177,6906.14
6259,5877.69
9221,6012.37
3995,4430.43
4317,4044.12
513,2230.69
4851,3727.89
4880,4229.34
3993,3516.77
5136,3658.73
1583,3279.58
3915,4792.63
7212,5422.57
160,2574.04
8373,6768.17
2515,3353.68
8162,6683.38
2694,3179.61
4164,4451.73
354,2086.75
3631,5013.36
5742,5287.58
3193,3650.18
6896,6204.04
7177,6141.04
179,1942.82
6609,5534.96
8393,6539.79
9711,7372.77
7823,6246.36
3291,4027.34
733,2074.73
3373,2417.69
870,3273.24
7097,5270.09
9450,6662.8
2521,2870.03
9717,7121.74
385,2799.18
498,2406.41
3983,3741.82
8270,5825.05
5920,4409.69
2527,3557.16
5450,5365.13
8683,6412.41
1378,2261.08
7080,5108.37
9542,6549.17
6167,5820.67
1236,2521.97
9579,6430.02
7808,5933.67
4672,5500.28
8789,5611.23
5308,5066.13
3358,3205.67
1804,2742.69
1497,2776.1
3538,4886.59
6779,4811.89
2653,2827.04
9825,7077.71
6105,4941.99
5415,5011.21
994,2811.09
4766,3731.78
3227,3850.58
2403,4166.96
4366,5321.23
7280,5455.86
3720,3952.99
6279,4568.61
4757,4567.58
8173,5743.32
6235,5183.18
4509,5225.27
7787,5935.07
7775,5503.23
1035,2756.66
8392,5823.03
4732,4181.27
7554,6114.58
1379,1604.09
542,1876.22
674,1270.1
7134,6407.48
2379,3026.37
2443,2213.67
128,1861.05
8323,6228.87
2169,3292.09
4025,3452.63
8717,6735.09
1108,2363.52
2267,3162.05
5705,5590.46
6846,5964.05
7344,4827.38
1498,2487.89
7316,4896.84
8642,7349.97
7907,5372.12
635,2335.3
4545,4262.86
9792,6311.96
2917,3690.16
7668,6254.4
1921,2631.32
7547,5119.02
7664,5479.84
4503,3793.62
4918,5221.48
1934,2675.88
8931,7417.32
6288,5670.05
8124,5761.61
3810,4616.8
9040,5921.46
3179,3242.45
403,2790.64
8726,6819.55
8682,6289.36
5184,4222.27
7685,5806.24
5416,4450.39
5127,4251.7
3342,3824.42
4749,4006.33
1761,2729.44
1167,2065.62
9910,7028.83
2237,2542.86
9335,6900.03
1588,2927.7
7841,6158.23
4896,5365.65
9128,6734.22
4621,4159.9
1750,3385.97
1382,2508.0
4917,3954.55
9477,7340.29
4022,5214.33
638,1819.46
3888,3170.81
9210,7061.95
3242,3108.72
3804,3496.38
7196,5092.15
837,2553.94
7322,5484.92
8621,5953.12
4941,4324.16
5305,4439.74
408,2208.43
8949,7146.05
5336,4827.63
5071,5414.76
5210,5179.56
6555,5635.47
7338,5477.73
9514,6370.81
5332,4677.57
781,2892.48
7276,6923.95
9426,6647.32
944,1911.43
1315,3001.06
100,2680.35
3163,3699.22
4909,5124.56
6704,5604.55
1515,2687.38
6154,5425.4
3772,3459.48
1684,3200.11
1237,2380.86
1924,3432.51
7826,5697.41
1190,2701.89
8359,6363.22
3567,3580.25
5281,4875.9
5160,5409.82
3867,4062.35
260,2103.92
4777,3577.59
9332,7247.59
2749,2792.28
6739,5929.16
903,2618.63
1999,2941.82
2809,2844.65
3115,3959.02
3825,4414.07
7057,5151.27
983,2939.62
3164,3777.85
7443,5678.19
3022,4157.45
261,2256.41
5913,5018.99
7529,6514.49
567,1134.29
8963,6228.69
6113,4658.68
3108,4531.47
8078,5474.68
1595,3279.69
5290,4892.06
9092,5441.38
4424,4632.39
8436,6195.86
1050,2279.67
6127,4944.27
2751,3940.6
9312,6263.85
2349,3285.92
9566,6816.03
490,2694.19
8785,6222.33
7284,5459.24
2818,3295.87
1757,2266.4
413,2817.42
2086,3080.83
4911,4189.47
8937,7054.3
9048,6579.44
3003,4092.58
2086,3479.44
3463,3755.14
8405,6122.96
4856,4732.06
5506,4933.52
9928,7604.48
4537,4443.07
7790,6083.18
8603,5505.77
7513,5404.36
1906,3438.09
9785,7324.12
6395,5207.61
4840,5266.37
8769,5842.92
9039,5417.43
5495,5594.27
482,1986.92
9500,6532.26
1995,2609.34
511,2697.34
1694,3075.75
9117,6218.39
7785,5904.83
7824,5523.2
7013,5139.39
1740,3808.58
2370,3750.54
8834,6080.07
1924,2737.6
5309,4992.25
7170,5751.0
4636,4336.83
1862,3200.28
8685,6365.22
4985,3609.17
3044,3440.86
2814,3839.42
3918,3915.64
6103,4639.75
7100,5633.3
2772,3313.34
6000,4764.95
9092,6220.85
9873,6812.79
3675,3237.7
8590,6319.47
8280,7050.03
1271,2474.49
6533,5377.79
6671,5108.1
8055,6259.71
1120,2806.54
1536,2674.08
8450,6768.43
5970,4304.79
5523,4128.71
6296,5300.59
7200,5234.42
2778,3030.71
6864,5115.63
5518,4294.25
3706,4546.52
7324,6228.33
1075,2304.97
9187,6450.7
3600,4701.61
2985,3864.31
5637,4705.66
1677,3019.02
6233,4955.49
2746,4011.37
1887,2695.26
4641,5121.29
2194,2858.36
2181,3230.61
3840,3403.39
2729,2540.43
1572,3378.47
5741,5489.93
9416,6670.54
8505,6117.59
6427,5002.04
5701,4595.76
864,2724.74
9622,6316.65
1041,2738.13
3528,3051.12
1859,2220.3
2093,1950.56
5975,5632.34
210,1818.77
7457,6036.91
7704,6235.29
7897,6049.01
1169,2629.65
2610,3100.39
8852,5933.91
1007,2240.84
499,3098.54
1621,2469.88
5113,4533.03
1803,2566.86
5894,4977.92
1584,3321.13
9574,6948.28
7365,6231.97
9370,6427.33
5194,4224.78
3713,4346.34
6338,5334.08
1933,2432.5
3403,3448.74
4715,4222.17
6252,5197.91
1248,2410.78
3976,3749.23
1391,2560.51
3129,4451.04
6701,5866.81
9621,6824.09
1019,2149.2
1450,3235.63
6323,5203.53
4893,3997.54
8837,6239.77
3013,4052.5
2056,3095.22
7120,5854.4
9011,6525.37
6849,5339.25
7949,6441.01
9879,6655.21
2847,2925.8
7008,4839.89
3723,4031.23
1446,2393.56
2996,4377.95
6876,4843.59
2306,3253.18
1995,2638.65
9829,7000.07
8189,5787.79
5036,4893.29
6625,5409.98
912,2309.66
1928,3287.16
7157,5202.47
8283,5277.34
2351,3126.53
6791,4579.66
4385,3858.31
7337,5404.7
9317,6705.26
1127,2510.5
243,2939.27
8970,6607.68
8659,6914.97
3065,3416.82
680,1618.44
8187,5923.19
5550,4554.19
4022,3572.89
2087,2663.94
9585,6102.76
1092,2716.73
5477,4603.83
4758,4651.15
262,1243.53
5148,4849.34
8180,6021.91
9964,6772.49
7271,5996.27
1522,2155.12
1390,2782.29
339,1851.26
1966,2816.53
8573,5518.59
9088,6425.38
8608,7125.65
5212,5296.46
7969,6086.32
6980,4975.68
8138,6505.85
5554,5046.68
2628,3762.93
8580,6058.35
4870,4246.36
4567,3870.08
4271,4536.86
6699,5345.08
513,2330.88
1172,1738.73
4196,5082.56
332,1597.0
2548,3729.24
3426,3293.49
8720,6885.07
5633,5724.04
3264,3149.46
6699,5957.11
4518,4538.86
8871,6102.76
821,1970.58
3702,2814.07
5937,5673.25
9218,5963.86
9152,6583.66
6927,5296.61
9379,6407.77
4024,3433.86
8644,6720.54
2405,3612.39
5507,5062.27
4391,2969.51
1074,2883.46
9664,7444.66
8967,6931.47
5582,5030.7
5481,5597.92
1664,2469.92
4050,4389.75
9090,6548.89
5854,4789.49
9673,6476.36
9333,5985.45
6333,5740.21
5010,5004.01
6594,4731.99
291,2793.11
8529,6059.59
9845,6794.58
5369,4726.41
6757,5760.02
5767,4401.62
9036,6598.45
4822,5054.63
6027,4603.1
8354,5939.98
4213,4102.98
4313,4059.55
2663,3678.7
9686,7011.4
5951,4255.11
1787,2880.3
6728,4239.73
7646,5555.02
6572,5787.32
451,1951.48
2495,3323.34
9536,6778.8
1508,2049.34
9500,6808.59
8966,6760.64
4470,4602.41
735,2613.72
7654,5856.11
6242,6128.78
3542,3906.46
5775,5147.38
169,2822.34
5833,5550.92
1010,2293.45
422,1987.33
7847,5573.78
6277,5028.25
5532,4184.6
6328,5760.89
2154,3298.87
7311,5582.53
2812,3667.26
9742,7087.07
3701,4457.93
9700,5654.18
134,2152.55
4095,4027.65
9589,6371.71
3097,2737.01
8287,6915.15
8117,5631.28
2374,2932.97
2425,3052.4
1653,2104.6
5612,4330.72
9647,6811.39
7476,4599.45
4705,4193.36
7444,6609.93
5222,3987.77
8530,5803.16
587,1358.34
9801,6410.35
8126,5071.05
4363,4226.33
667,2243.84
1519,3021.24
971,2650.21
4244,2677.78
4967,4343.33
1063,2136.58
2835,3244.31
7840,4584.82
8746,6586.31
7545,5324.54
6242,5261.24
8033,5544.12
7130,5582.26
8376,6440.18
2073,2503.16
3774,4402.16
6308,5088.86
4986,4091.68
5774,4499.02
8168,5769.7
6004,4851.59
8589,6351.51
8530,6461.84
1932,3052.03
7734,6530.46
3881,4011.19
792,2271.49
4990,4595.98
2538,2592.15
676,2952.2
4097,3798.01
6136,5393.86
323,2158.41
5076,4651.88
6040,5835.06
9297,7051.2
8952,6740.66
3778,3262.99
3630,3230.3
9938,7175.38
4131,4761.98
2112,3216.49
2479,2893.11
2706,4280.46
8162,5795.14
8306,5806.08
9268,6481.24
6096,4862.84
3460,3494.87
9565,7151.35
6186,4840.62
8282,5976.16
7249,6183.61
3125,3654.96
2198,3424.19
1287,2148.33
4720,3893.1
6670,5603.73
5780,5001.85
6992,5047.51
6574,4867.76
7846,5822.05
2811,4293.94
8406,5778.7
6680,5687.35
2000,1731.57
319,1700.72
1361,2663.78
2589,3352.2
2421,3942.98
390,2091.25
6449,5357.86
6625,5665.19
2824,3918.75
3019,3768.65
1453,2624.12
6374,4676.34
3181,3209.81
7501,6145.65
2110,2517.08
7733,5461.33
8887,6816.91
2323,3065.73
4337,4536.42
4568,3665.2
6603,6502.94
524,3024.77
3444,3192.53
680,2140.02
6692,5135.78
3186,3437.71
2629,4569.36
5862,4821.72
6926,4327.04
1995,2985.81
613,1899.24
2182,3490.78
5758,5394.86
9518,7038.43
718,1894.25
9868,6521.68
5286,3700.75
1453,3970.8
725,2809.75
2001,2741.43
5567,5088.13
4676,3350.45
6466,4456.28
1443,2694.42
2635,3322.8
262,1875.25
3476,3589.05
9311,6313.8
2682,2487.79
6020,4490.94
2994,3098.94
3073,3051.06
8720,7181.75
5236,4608.67
9558,6733.42
969,2543.66
2865,3823.62
7081,4937.63
3493,3662.57
5462,4145.37
5182,3441.39
4660,5211.97
3929,4093.29
5899,4226.82
6270,4732.82
4000,3443.08
7915,6393.8
4635,5152.3
7071,6050.36
3016,3884.44
4447,3714.37
5147,4084.45
5501,5778.13
6411,5182.71
8763,7116.76
3075,3563.17
4619,4603.56
6021,5296.16
4163,4682.46
6869,5822.1
9742,6961.19
9847,6255.05
351,2070.02
3440,3209.35
6744,5097.99
3281,3896.46
5243,4935.36
6684,5361.38
9639,6280.77
3436,3416.4
799,1954.28
7563,5284.47
6888,4715.59
5485,5401.28
3251,4293.1
1492,2424.61
8342,6673.41
7495,5867.67
9870,7659.49
3264,2763.94
4035,4464.33
6723,5479.03
2690,3195.68
9027,6250.95
6844,5044.21
7539,5993.7
3163,3426.11
9806,6585.72
2351,3477.79
8193,6108.53
3857,3788.15
8583,5857.12
8644,6855.23
1609,2240.71
255,2547.27
6562,5057.88
1565,2026.58
1088,2159.88
9922,7502.47
7468,5663.3
4948,3301.7
6269,5538.29
3323,2758.67
7578,6772.19
7205,6019.97
3902,3725.44
8472,7121.74
9503,7652.23
6251,4687.34
6855,6265.87
630,2464.87
9070,6852.42
7377,5696.59
1319,2818.14
3118,3184.78
2852,3501.17
2219,3286.55
7078,5302.91
9600,6692.59
9832,6184.61
9459,6802.02
4498,3606.2
129,2791.21
7889,5951.42
9548,7017.86
6160,4674.44
7676,5821.71
3073,2593.06
9495,6350.79
9006,7470.45
798,2491.35
3103,3140.88
1295,2516.5
1913,2723.65
2623,4055.73
3225,4027.77
3615,3589.85
7871,5824.63
7615,5630.43
2241,3587.34
3773,4137.4
6202,5214.91
8812,6355.67
3792,3629.6
9286,6713.9
7548,5549.41
9317,6589.35
937,2549.64
157,1279.35
996,1994.89
4254,4500.96
8155,5206.25
9688,6796.56
6658,5812.15
6003,5523.9
4831,4554.31
553,1784.44
9562,6639.48
3666,4047.15
2562,3759.91
5420,4968.73
6505,5245.32
6390,4790.62
7303,6294.91
9207,6936.99
1725,2965.02
3123,2889.88
2859,3168.66
9356,6601.05
448,1961.48
9680,7458.8
1402,3736.09
8131,5606.22
9176,6113.9
4803,5123.45
2107,1643.27
1159,3581.28
5358,5282.98
3282,3201.82
285,1837.71
630,2324.89
546,2433.06
1755,2435.38
1155,2678.32
1303,2820.74
654,2030.05
6792,5667.66
8810,6539.2
6984,5504.47
7666,5929.31
2594,3640.1
8552,5428.05
7298,6282.11
105,1836.85
6702,6142.62
4765,4445.45
1872,3210.08
8119,7371.02
7967,6091.01
4357,4733.8
4707,4092.36
7773,5972.86
4066,3799.54
6603,5975.27
5244,4612.55
1165,3465.52
7397,6126.54
6727,4865.95
1077,2872.33
8157,5630.98
5500,5036.12
3074,3767.03
3736,4050.75
6929,5974.25
7372,5622.1
6892,4934.75
7347,4917.59
1895,2982.65
6159,4971.4
6666,5879.9
2778,4261.71
4963,4375.2
4916,4337.85
4888,4885.06
9279,6363.82
6264,5654.71
4970,4905.41
1387,3201.03
3958,4510.54
3384,2891.72
4765,4888.5
8722,6144.35
2728,3427.32
5016,5113.74
6276,5108.47
3499,4203.26
3161,3803.13
4159,3196.23
7395,6367.05
1860,2966.43
4086,4959.64
6474,4935.7
7666,7295.71
1789,3405.07
8901,6383.19
2995,4459.39
2260,2340.69
4923,4355.77
1332,2978.13
7717,5898.45
2610,3628.88
7872,5768.27
2733,3576.7
3721,4105.87
1272,3208.91
5442,4725.4
3941,3742.99
6280,4631.77
6406,5368.32
3574,4322.96
7068,5642.87
5848,4869.27
9796,7547.43
5148,4746.2
8253,6180.02
9354,6330.7
8315,6576.72
9523,5456.51
1502,1960.23
7491,6377.05
6128,4230.61
2543,2670.34
8889,6288.23
8365,6949.12
142,2702.4
3751,4194.64
9481,7073.77
8675,6318.98
7575,5685.65
3905,4203.53
8470,7044.42
4335,4098.99
937,1977.46
7835,5973.69
904,2568.83
5293,4920.33
8459,5788.47
1479,2341.17
5675,5275.29
4485,4305.99
3878,3676.14
6022,4165.14
6629,5359.84
2986,4359.25
5131,3830.84
4639,4638.35
4416,3914.94
4804,3881.45
9790,8475.8
2196,2394.62
1420,2722.55
6529,5551.11
6127,4849.53
2831,3458.39
2110,3270.67
1183,2420.43
8540,5600.01
6112,5641.95
2659,3546.03
1812,2534.25
5169,4760.72
2352,3991.59
1873,3367.08
9084,6698.4
9208,5820.31
9454,7357.33
8378,5638.51
5410,4691.2
3296,3823.16
5985,5254.49
5010,4167.77
6737,5225.03
6314,5441.07
1741,2800.45
647,2179.01
2967,2798.89
962,3004.19
3377,3852.74
6751,5723.92
6309,5270.78
5110,5406.1
5442,3764.39
6944,5644.69
8956,6194.89
709,2475.13
2407,3504.22
1482,3321.61
1373,2959.17
2674,4510.31
8387,5627.05
6757,5990.8
1027,2921.85
9645,6724.74
1234,2051.17
8229,5789.21
4806,4204.36
8785,7081.03
7719,6006.88
4627,3763.77
1311,2930.78
4492,4056.88
1844,3044.33
5702,5719.1
5516,4519.19
7334,5849.41
3262,4065.34
862,1386.43
8970,7066.27
4432,3546.63
6929,5285.66
550,2255.58
1780,2168.84
6921,5402.03
7380,5668.26
8767,6524.57
3794,4253.81
8006,5278.7
7029,4753.52
8748,6005.49
6398,5205.64
5375,4429.41
8674,6839.38
7753,6012.61
9572,6766.76
8272,5434.91
7214,6348.15
5066,3685.01
3748,4866.2
6095,4928.76
5341,4675.14
7494,5781.85
6363,5119.56
6424,5005.31
4085,4372.7
4306,5260.5
7818,5432.27
384,1490.07
1361,2263.88
2731,2564.84
2972,3848.32
2322,3150.99
863,2493.38
764,2728.71
7965,5140.14
9395,7048.64
100,1287.58
6061,4252.55
2113,2199.29
1347,2856.48
7690,5615.18
4882,3999.39
3839,4568.34
1801,2931.04
9898,7069.84
8747,6104.83
7880,6890.66
8129,5929.26
6138,5087.47
1550,3267.2
489,1580.16
2024,3545.83
6166,4764.2
3618,3313.93
4327,4247.75
2728,3637.28
335,1612.9
6556,4340.35
2822,2848.08
5948,4846.88
8242,5632.41
9964,7606.07
6876,5480.6
1429,2561.89
2410,2951.39
7437,6439.58
7113,5605.79
3388,3141.25
7432,5102.68
8862,5815.22
1504,2639.91
4100,2968.84
6569,5632.94
9000,7023.59
9689,7107.19
7028,5257.28
7611,6428.92
3535,4177.11
5103,4711.86
2138,3460.3
6581,5486.39
5632,4907.08
3511,3465.51
8129,5831.74
3215,3742.36
8927,6568.59
2593,2763.44
7276,6536.2
2962,3130.79
5096,5017.88
9787,6696.32
5860,4513.52
691,2048.01
9619,6246.29
2403,2324.24
7020,5434.5
3949,5067.94
4952,4603.45
9337,7015.34
2646,3294.3
4770,4242.21
9179,6846.48
7940,7117.97
3308,4030.55
8735,6900.95
4804,4837.06
2235,2759.22
2287,3123.67
1631,3065.81
2070,3120.08
4479,3628.37
5010,4213.8
7246,5215.35
2531,3963.9
9948,6397.12
3905,3732.61
3441,2735.6
6498,4809.11
3379,4497.39
3667,3281.05
4782,3808.58
8292,6135.12
7712,4872.61
5991,5063.39
7720,5905.43
6037,4774.33
5988,4030.1
5776,4959.02
8680,5791.8
5697,5354.24
8355,6460.89
138,1737.13
1725,2513.8
1299,2521.69
8662,6284.28
6899,4653.27
3123,2805.74
6376,5281.67
9141,6563.24
487,2452.51
1341,2335.98
6012,4828.31
3046,2542.71
4763,5016.53
1506,2233.87
4538,3975.69
4828,4584.69
624,2358.43
1750,3774.77
9541,6725.09
5624,4847.61
8382,5903.98
1932,3088.88
3291,3324.07
2110,3507.13
7845,6289.51
8464,5897.54
1251,3113.31
6060,5213.41
8719,5734.84
6636,5625.88
4489,4266.43
8796,5712.03
5573,5189.94
9563,6514.66
3544,4474.29
3755,3325.41
3881,4383.43
7876,5381.11
4531,5127.82
5146,5088.15
3452,3070.0
7050,5702.7
6313,5239.46
3264,3992.01
5611,4484.84
3553,4607.33
6746,4759.04
9802,6987.74
5880,5334.29
5979,4601.64
3292,3522.45
4325,3345.25
8761,5917.16
1369,3278.68
6856,4788.97
9812,7567.71
113,2017.8
3888,4255.88
2151,2923.9
7151,5603.45
9344,7463.18
3064,3866.57
4842,4209.73
7782,6268.13
7131,5401.02
2893,3643.85
1951,4023.6
2674,2803.19
2232,2601.45
9214,6819.05
5864,4795.03
4336,4543.84
3397,3381.38
541,2278.17
3820,4609.59
4502,3874.49
3508,3727.89
5176,4870.8
8291,6355.18
1908,3012.05
8757,6710.38
9067,6825.99
3539,3996.51
7018,5189.59
2850,3158.8
5383,4928.81
2059,2796.98
5591,5423.07
7463,6456.11
3721,3052.23
9070,7229.18
8587,6280.61
6933,6060.17
419,2208.7
9793,7117.53
8630,6235.07
4030,3855.12
4644,4558.5
4912,4134.58
5604,5964.23
4409,4631.96
6176,4936.46
5657,5064.62
5853,5686.46
4564,4296.9
7442,5445.84
8347,6152.32
6344,4383.37
8013,5729.87
7995,5929.4
9747,6496.3
3462,3592.57
7309,5565.58
6516,5511.13
8714,5865.68
4348,4072.71
577,2021.31
6606,5291.58
601,2860.81
4704,4234.98
2224,4252.95
2989,3291.8
4816,4156.73
7222,5041.16
8037,5692.62
808,2268.36
1187,2650.95
7352,5431.13
233,2040.32
366,2611.45
6624,5246.96
5147,5066.37
3079,3903.12
4065,3668.48
7947,5951.76
6166,4471.68
5749,3880.19
2948,2932.54
4701,4136.63
2546,2393.52
2607,2991.5
8832,6730.63
1898,3011.65
2957,3086.97
6036,4298.93
4554,3730.08
9082,6857.73
5301,3961.22
2366,3963.16
2421,3979.28
468,2771.24
2467,3836.89
1851,2596.07
7801,5111.75
2743,3653.07
8734,6564.99
2327,2990.16
9724,6133.95
8812,6492.0
4193,4500.59
8752,7140.02
1865,2708.26
4571,4873.24
9419,7757.07
4365,4663.0
5341,5357.58
6592,5316.46
1832,3838.32
9550,6185.57
3675,3468.08
3327,2703.09
9130,5532.86
4713,4674.45
509,1929.45
8537,5461.31
1994,2662.95
9785,7592.8
8093,5570.08
1082,2594.48
4633,4347.28
4437,3843.62
1201,3065.7
5953,4602.21
1010,2726.34
245,1655.61
5662,3804.07
2312,3341.11
4636,4115.89
8009,5730.61
8837,6596.62
1852,2766.05
8289,7173.21
2184,3720.4
7416,5459.48
4586,4110.08
4455,4433.45
8490,5570.19
3107,3345.08
1371,3491.88
142,1812.18
8037,5764.74
7769,5513.2
3181,3146.11
2194,3075.51
9059,6513.61
7302,6089.14
1022,2525.17
4458,4885.59
7762,5674.93
7694,7001.27
6076,5507.2
4526,4635.78
3311,3674.0
6863,5475.18
5295,4568.4
2628,2830.95
4797,3676.73
7238,5022.84
9481,7058.72
3217,3812.22
2231,3743.94
5445,3845.87
5393,4448.74
4031,3959.46
9467,6205.94
5871,5341.27
6671,5530.6
3516,5437.44
2799,4526.89
2390,3073.67
9462,6927.13
5210,4565.49
5342,5033.26
5473,4606.95
2519,3932.32
7926,5447.24
7953,5952.37
2328,2699.63
5331,4349.69
6492,5208.91
2010,3238.87
3835,3000.61
6378,3946.94
2638,4079.79
7872,5372.93
2799,3266.81
995,2746.53
7153,5593.05
1815,2921.46
9503,8251.75
5894,5339.59
7153,6192.04
6488,5983.58
2890,3794.5
7255,6062.56
797,1726.53
1714,1936.92
4409,4062.47
2861,4146.42
3142,4394.87
7034,5737.58
6967,6134.03
114,1749.61
528,2013.94
1229,2318.21
3481,3401.37
3335,3705.96
5869,5381.1
1854,2667.74
205,2691.66
433,2421.36
2762,3421.08
8339,6387.71
298,2094.55
3932,4220.05
4481,3044.85
209,2029.82
2413,3223.09
6486,5021.23
3789,3971.62
5271,4467.74
3196,3772.89
8919,6228.68
7647,6545.92
4769,5419.97
2548,2639.86
3958,5126.17
3687,3569.47
9293,6917.8
6393,5185.98
7260,4785.95
4704,3893.65
816,3235.14
2858,3038.3
6062,5689.37
8701,5689.96
3224,3248.02
2562,4159.63
2849,3181.12
4492,3958.38
4464,4236.82
2515,3243.48
9195,6185.75
2108,2833.13
1677,2523.67
7954,6440.15
1956,3908.8
5167,5235.77
3301,3128.57
3528,4575.98
7277,5650.35
8028,5830.2
958,1925.13
7167,5461.23
2851,4790.11
9579,7009.66
8435,6150.65
9309,6424.14
3014,2958.24
8259,6831.44
6550,4696.09
7745,5564.26
2943,3067.41
2096,3005.5
9452,5811.34
9810,7097.74
346,2429.86
6350,5443.59
1237,2268.72
5725,4283.94
6901,6196.07
4978,3737.12
1819,2498.28
9756,7549.71
3530,3648.4
7679,6456.29
8044,6690.99
9536,6868.73
5603,4659.2
2774,3917.16
6202,5085.2
4264,4532.83
9628,6592.47
1853,2947.02
318,2331.11
7068,5556.33
3378,3146.61
6476,5606.74
2527,3550.27
6716,5117.26
9315,7561.84
8794,5848.62
2136,3901.77
5453,4775.27
4406,4970.62
1325,2594.66
2998,3657.96
9964,7291.57
621,1714.6
816,1688.27
7698,5570.92
3854,4093.09
3024,3430.4
4503,4951.83
8668,6566.53
4546,4218.54
8390,6194.91
9420,6372.67
4232,4242.66
8717,6765.46
7121,5679.24
181,2162.05
3690,4689.98
7065,5624.81
9845,6970.58
9015,7371.64
3862,4974.98
146,2637.09
7714,5666.89
9978,7164.69
6224,4430.82
652,3014.9
2125,2662.62
4315,4018.43
4784,4179.69
695,2227.17
5465,5450.45
3862,4851.57
9036,6268.32
6881,5781.57
5620,3935.6
3936,4142.68
3062,2516.11
4050,3951.54
1734,2998.34
8254,6273.95
6094,4983.85
4621,3789.91
5228,4211.46
443,2246.26
137,1625.35
8165,5889.0
8381,6277.59
128,1369.79
2002,2327.3
4733,4952.33
2748,3772.63
4551,3206.66
1728,2577.34
8909,6388.95
7393,5703.2
1544,2802.54
4489,3400.73
4917,4967.47
3755,3911.88
9670,7134.57
8704,5510.2
5890,4637.05
3966,4653.4
5339,4728.59
1446,2202.89
6671,5198.36
9895,7790.21
9620,6628.49
1421,3490.33
5935,5468.53
8291,5792.21
900,1823.75
1576,3050.44
3207,3994.64
2999,3949.42
1628,2853.3
2155,2829.29
7974,5979.97
2969,3972.42
3615,3791.27
6059,5300.79
3268,2748.98
4633,4754.98
7201,5295.52
1771,3342.59
5500,4241.27
2933,3641.35
4756,4205.52
7512,6663.04
4969,4676.78
652,2523.97
7177,5753.41
6866,5297.38
2635,3509.7
3697,3928.32
393,1663.97
5571,5394.15
7766,6370.37
6742,5953.05
7628,5533.39
9962,6270.19
5311,3928.3
9301,6903.33
3196,3722.18
803,2133.35
1237,1940.65
9082,6883.14
913,2134.52
2860,3338.27
227,1931.63
4228,4428.12
1964,2710.43
5493,5300.33
7222,4897.44
2152,3131.48
1856,3253.38
9430,6270.12
6308,5082.15
5572,4514.09
4146,3652.71
2841,3630.99
1556,2920.11
764,1899.75
2356,3661.76
7631,6543.23
3624,2615.28
1361,2571.59
3451,4147.13
9692,6318.59
3101,3336.39
9996,7958.89
112,2136.16
9932,6660.26
3967,4205.48
4204,3854.87
7141,5034.21
8286,5720.23
3492,3645.81
494,2424.89
6858,5920.15
9482,5959.53
3735,4170.01
4190,4672.87
3772,4390.33
8608,5724.68
5641,4283.95
8209,6181.85
2903,3712.3
8270,5645.91
7702,5924.67
4814,4346.85
9056,6806.61
1593,3682.73
6450,5156.84
5338,4311.54
599,2604.52
1148,2875.94
1373,2547.16
1446,2088.76
8493,6225.62
3202,4500.11
252,2185.24
4900,5426.99
7203,6286.52
6950,6115.19
8503,6672.77
3061,3327.41
9600,6333.15
3333,4099.15
5942,5700.02
4902,4314.83
5700,4790.11
9332,6931.39
3544,4289.43
8800,5793.58
856,1794.95
3411,4500.1
2540,3501.63
1876,3386.07
7839,6016.76
5349,4798.3
8164,6921.19
1458,3066.48
9891,7257.85
1555,2816.81
4589,5469.01
6354,5407.9
1136,2724.4
272,2241.7
9174,7369.33
3605,3926.35
6686,5644.18
2694,3231.18
8441,6370.87
3477,3099.43
8822,6746.88
337,2038.18
6999,5278.56
6560,6591.24
9451,6926.87
3003,3738.42
4082,3771.35
6001,5026.31
992,1593.1
8045,6418.44
6837,6208.35
9903,7570.44
6622,5405.41
2359,3923.83
6384,4940.59
3331,3876.97
296,2068.55
7250,6167.36
7001,6342.87
8273,6648.65
3997,4162.92
2363,3638.46
753,2152.47
3167,3462.77
6630,5434.76
5533,4480.01
7625,6064.63
3819,4101.75
315,2753.26
6520,5162.65
4951,4910.88
1321,2668.4
3976,3934.19
286,2474.69
8793,6912.25
1078,2459.09
7763,6715.69
3552,3854.87
8491,6476.21
3251,3616.85
1365,2481.83
1265,2562.06
6084,5432.41
4844,4532.75
852,3139.8
3899,4447.13
5813,5447.79
4455,3672.4
5244,4525.26
339,2694.22
6615,5455.37
9754,6824.18
2944,2580.68
7231,5878.0
9274,6328.34
7655,5757.86
6628,5919.13
6993,5917.45
850,2370.29
5482,5012.61
5431,3998.02
417,2368.6
1345,2265.65
8907,7907.01
6046,4724.0
5500,5473.87
1117,2656.65
300,1594.24
6524,5310.41
9349,6788.32
1222,2746.85
6957,5534.43
2005,2649.73
3631,3464.33
9411,6861.63
8454,6007.39
8687,6325.7
2495,3156.01
3121,3894.38
7705,5101.79
2361,3827.84
7893,6038.22
9805,6634.78
7359,5182.82
327,1770.06
2762,3749.37
8175,5750.73
219,2358.35
6292,5532.41
511,1961.36
8411,6049.05
679,3212.26
998,3087.0
9999,7096.33
5431,4994.34
6322,5129.28
7584,5123.97
7068,6187.02
5188,4647.68
4171,3992.54
9413,6532.88
2194,3374.82
5781,4498.04
2407,2592.83
8406,6694.97
3851,3842.08
556,3344.64
2986,2605.33
2816,3508.98
3729,3921.56
4222,4552.49
2915,4626.52
9484,6768.23
7608,5893.06
8613,7025.5
7998,6288.71
7168,5947.64
5645,4816.08
9218,6825.59
7494,5651.78
3969,3876.05
5537,5417.78
5021,4558.56
8180,5986.46
7930,5992.76
3597,3417.44
3286,4414.81
4913,4285.09
2843,2917.19
9930,6798.85
2002,2495.59
309,2084.84
2888,4086.48
7797,5954.29
6958,5806.6
6132,5537.06
8749,6517.95
510,1840.31
4964,4634.66
6440,4675.86
4357,3613.18
330,2731.82
4407,4323.16
3054,2971.71
5625,5496.95
6423,4932.4
2408,3505.34
8575,6511.46
546,3525.4
4685,4281.25
3442,3048.17
3094,2656.21
5303,5082.33
367,2984.44
6824,5667.4
3311,3854.92
8174,5646.89
403,1810.27
3335,4225.4
1830,2988.86
9443,8085.71
5410,4134.31
4807,3551.84
9090,6048.16
4821,5374.19
4734,4902.73
7541,5388.73
7509,6053.91
3850,3893.42
1419,2013.83
8493,6405.3
978,2856.04
2852,2012.69
3379,3509.88
5182,5046.32
765,1996.86
8062,6025.05
5488,4512.18
2683,4063.66
7553,6591.28
8440,5566.28
240,1370.37
8841,5452.29
7735,6099.2
6840,5480.49
4608,5064.08
4690,3661.98
603,2912.89
8114,6054.6
3310,3789.56
8023,6092.76
5815,4974.56
4298,3352.47
3207,3140.63
6701,4769.33
9940,6869.38
9996,7324.06
4851,4600.7
9876,7452.83
5374,4860.43
3577,3790.14
1717,2419.89
953,3302.3
9958,7329.41
5585,4775.92
3007,3897.45
7460,5743.07
1175,2416.05
927,2969.09
1983,3132.4
1003,3371.99
5432,4958.56
3957,3785.86
8170,6276.14
9276,6969.95
9718,7280.55
8412,6396.58
5182,4804.69
2311,3201.35
4155,4287.36
8827,6395.93
5450,5183.92
628,2204.05
6857,5259.85
6522,4695.53
2670,3554.38
7049,5943.44
1488,1714.96
8794,6685.82
8277,6022.73
2366,3505.61
3967,4083.29
3612,4062.07
5969,4587.9
945,2437.5
5765,5133.34
8353,5793.04
247,2417.25
7517,6346.32
7882,5774.74
9822,6996.23
2827,3626.91
4843,4693.55
1474,2901.75
9673,7502.3
171,2850.86
9802,6861.62
5162,5320.12
7092,5582.95
7553,5994.42
8096,5379.75
5713,4664.43
2343,3577.65
9903,7164.8
3430,3336.98
9813,6621.67
4496,4658.66
2977,3979.03
6880,5341.78
4568,4343.16
9369,6222.84
9952,7488.77
5699,4010.1
4143,3966.81
3568,3432.08
2403,2495.14
9303,7455.81
2858,2409.9
740,2444.14
2158,2953.83
407,2641.88
8099,6026.18
2983,4322.11
4283,4195.79
826,3519.12
9428,5861.02
8688,6210.6
5993,5052.14
3815,3218.99
2420,2763.74
986,2139.07
6722,4878.11
4495,4028.75
1888,2630.28
820,1967.2
1404,2201.35
1171,3124.64
3592,3815.22
4820,3410.21
2132,2827.16
655,1992.12
3835,3585.25
2066,3570.43
2536,2879.38
6117,4375.65
6064,5067.97
2124,3211.99
223,2206.27
7087,5861.89
3788,3926.47
9310,6533.13
1388,2389.76
6336,4329.67
5973,4699.22
2864,4113.15
9655,7090.15
7377,6954.55
1063,2062.56
5530,4961.67
5976,4319.2
4223,3616.14
4129,4168.96
6280,5467.32
7967,6091.09
2337,3234.35
7524,6789.14
5111,4213.08
7652,6285.63
2254,3565.11
5518,4850.28
585,1055.33
5284,3882.33
6767,5616.55
8577,4994.69
